business_name,category,city,contact_page_url,geography_tag,has_contact_page,has_email,has_phone,job_state,last_attempt_at,niche_tag,normalized_domain,notes,pipeline_stage,public_business_email,public_phone,retry_count,source_platform,source_url,state,website,record_status,failure_reasons,quality_score,has_valid_phone,has_valid_email,domain_status
Texas Certified Roofing,roofing contractor,Houston,https://www.texascertifiedroofing.com/contact,houston-tx,true,true,true,ready_for_validation,2026-03-26T22:26:32.593582+00:00,roofing,texascertifiedroofing.com,Verified from public website and contact page.,enriched,yogi@texascertifiedroofing.com,(713) 781-8333,0,public_business_site,https://www.texascertifiedroofing.com/,TX,https://www.texascertifiedroofing.com/,pass,,100,true,true,valid_business_site
Arnold Roofing & Construction,roofing contractor,Houston,https://www.arnoldroofingandconstruction.com/contact,houston-tx,true,true,true,ready_for_validation,2026-03-26T22:26:32.593585+00:00,roofing,arnoldroofingandconstruction.com,Verified from public website and contact page.,enriched,arnoldroofingandconstruction@gmail.com,(832) 548-4010,0,public_business_site,https://www.arnoldroofingandconstruction.com/,TX,https://www.arnoldroofingandconstruction.com/,pass,,100,true,true,valid_business_site
Southwestern Roofing,roofing contractor,Houston,https://www.southwesternroof.com/contact,houston-tx,true,true,true,ready_for_validation,2026-03-26T22:26:32.593588+00:00,roofing,southwesternroof.com,Verified from direct contact page.,enriched,southwesternroof@yahoo.com,(281) 955-6014,0,public_business_site,https://www.southwesternroof.com/contact,TX,https://www.southwesternroof.com/contact,pass,,100,true,true,valid_business_site
Holland Roofing - Houston,roofing contractor,Houston,https://www.hollandroofing.com/contact/,houston-tx,true,true,true,ready_for_validation,2026-03-26T22:26:32.593591+00:00,roofing,hollandroofing.com,Verified from Houston location page and site contact page.,enriched,info@hollandroofing.com,(877) 491-6533,0,public_business_site,https://www.hollandroofing.com/location/houston-texas/,TX,https://www.hollandroofing.com/location/houston-texas/,pass,,100,true,true,valid_business_site
Elevation Roofing & Restoration,roofing contractor,Houston,https://elevationrr.com/contact-us,houston-tx,true,true,true,ready_for_validation,2026-03-26T22:26:32.593595+00:00,roofing,elevationrr.com,Verified from public website and contact page.,enriched,info@elevationrr.com,(832) 753-5775,0,public_business_site,https://elevationrr.com/,TX,https://elevationrr.com/,pass,,100,true,true,valid_business_site
Rose Roofing,roofing contractor,Houston,https://www.roseroofing.com/contact-us/,houston-tx,true,true,true,ready_for_validation,2026-03-26T22:26:32.593596+00:00,roofing,roseroofing.com,Verified from public website and contact page.,enriched,office@roseroofing.com,(713) 849-5155,0,public_business_site,https://www.roseroofing.com/,TX,https://www.roseroofing.com/,pass,,100,true,true,valid_business_site
State Roofing Company,roofing contractor,Houston,https://www.stateroofingtexas.com/contact,houston-tx,true,true,true,ready_for_validation,2026-03-26T22:26:32.593598+00:00,roofing,stateroofingtexas.com,Verified from public website and contact page.,enriched,hello@stateroofingtexas.com,(281) 293-7000,0,public_business_site,https://www.stateroofingtexas.com/,TX,https://www.stateroofingtexas.com/,pass,,100,true,true,valid_business_site
TrueWorks Roofing,roofing contractor,Houston,https://trueworksroofing.com/contact-us/,houston-tx,true,true,true,ready_for_validation,2026-03-26T22:26:32.593604+00:00,roofing,trueworksroofing.com,Phone and contact URL verified from official site search result + contact page URL.,enriched,hello@trueworksroofing.com,(713) 903-7663,0,public_business_site,https://trueworksroofing.com/,TX,https://trueworksroofing.com/,pass,,100,true,true,valid_business_site
T Rock Roofing & Contracting,roofing contractor,Dallas,https://dallasroofer.com/contact/,dallas-tx,true,true,true,ready_for_validation,2026-03-26T22:26:32.593606+00:00,roofing,dallasroofer.com,Verified from public website and contact page.,enriched,info@dallasroofer.com,(469) 931-9867,0,public_business_site,https://dallasroofer.com/,TX,https://dallasroofer.com/,pass,,100,true,true,valid_business_site
"Bert Roofing, Inc.",roofing contractor,Dallas,https://bertroofing.com/contact-us/,dallas-tx,true,true,true,ready_for_validation,2026-03-26T22:26:32.593607+00:00,roofing,bertroofing.com,Verified from public website and contact page.,enriched,mail@bertroofing.com,(214) 321-9341,0,public_business_site,https://bertroofing.com/,TX,https://bertroofing.com/,pass,,100,true,true,valid_business_site
Lon Smith Roofing,roofing contractor,Dallas,https://www.lonsmith.com/contacts,dallas-tx,true,true,true,ready_for_validation,2026-03-26T22:26:32.593608+00:00,roofing,lonsmith.com,Verified from public website and contact page.,enriched,info@lonsmith.com,(214) 221-1400,0,public_business_site,https://www.lonsmith.com/,TX,https://www.lonsmith.com/,pass,,100,true,true,valid_business_site
FW Walton Roofing - Dallas,roofing contractor,Dallas,https://waltonroofing.com/contact-us/,dallas-tx,true,true,true,ready_for_validation,2026-03-26T22:26:32.593610+00:00,roofing,waltonroofing.com,Verified from Dallas location page and site contact page.,enriched,info@waltonroofing.com,(713) 674-9777,0,public_business_site,https://waltonroofing.com/locations/dallas-tx/,TX,https://waltonroofing.com/locations/dallas-tx/,pass,,100,true,true,valid_business_site
Arrington Roofing,roofing contractor,Dallas,https://arringtonroofing.com/contact,dallas-tx,true,true,true,ready_for_validation,2026-03-26T22:26:32.593613+00:00,roofing,arringtonroofing.com,Verified from direct contact page.,enriched,info@arringtonroofing.com,(214) 698-8443,0,public_business_site,https://arringtonroofing.com/contact,TX,https://arringtonroofing.com/contact,pass,,100,true,true,valid_business_site
Priority Roofing,roofing contractor,Dallas,https://priorityroofs.com/contact-us/,dallas-tx,true,true,true,ready_for_validation,2026-03-26T22:26:32.593614+00:00,roofing,priorityroofs.com,Phone/email manually corrected from official search snippet for Dallas location page.,enriched,office@priorityroofs.com,(469) 615-8193,0,public_business_site,https://priorityroofs.com/location/dallas/,TX,https://priorityroofs.com/location/dallas/,pass,,100,true,true,valid_business_site
Dane Roofing,roofing contractor,Dallas,https://www.danesroofing.com/contact-us/,dallas-tx,true,true,true,ready_for_validation,2026-03-26T22:26:32.593620+00:00,roofing,danesroofing.com,Verified from public website and contact page.,enriched,kelly@danesroofing.com,(469) 585-3263,0,public_business_site,https://www.danesroofing.com/,TX,https://www.danesroofing.com/,pass,,100,true,true,valid_business_site
Cloud Roofing,roofing contractor,San Antonio,https://www.cloudroofing.com/roof-inspection,san-antonio-tx,true,true,true,ready_for_validation,2026-03-26T22:26:32.593636+00:00,roofing,cloudroofing.com,Verified from public website homepage.,enriched,info@cloudroofing.com,(210) 366-9484,0,public_business_site,https://www.cloudroofing.com/,TX,https://www.cloudroofing.com/,pass,,100,true,true,valid_business_site
Davis Roofing Solutions,roofing contractor,Fort Worth,https://davisroofingsolutions.com/dfw-roof-inspections/,fort-worth-tx,true,true,true,ready_for_validation,2026-03-26T22:26:32.593646+00:00,roofing,davisroofingsolutions.com,Verified from public website homepage.,enriched,frontdesk@davisroofingsolutions.com,(817) 857-7663,0,public_business_site,https://davisroofingsolutions.com/,TX,https://davisroofingsolutions.com/,pass,,100,true,true,valid_business_site
CLC Roofing,roofing contractor,Fort Worth,https://fortworthroofing.net/roofing-services/roof-inspection,fort-worth-tx,true,true,true,ready_for_validation,2026-03-26T22:26:32.593649+00:00,roofing,fortworthroofing.net,Verified from public website homepage.,enriched,info@clcroofing.com,(817) 670-5906,0,public_business_site,https://fortworthroofing.net/,TX,https://fortworthroofing.net/,pass,,100,true,true,valid_business_site
Ramon Roofing,roofing contractor,Fort Worth,https://www.ramonroofing.com/contact-us,fort-worth-tx,true,true,true,ready_for_validation,2026-03-26T22:26:32.593650+00:00,roofing,ramonroofing.com,Verified from public website homepage.,enriched,estimates@ramonroofing.com,(817) 924-1645,0,public_business_site,https://www.ramonroofing.com/,TX,https://www.ramonroofing.com/,pass,,100,true,true,valid_business_site
Texas Builders Inc.,roofing contractor,Fort Worth,https://texasbuildersinc.com/#freeinspection,fort-worth-tx,true,true,true,ready_for_validation,2026-03-26T22:26:32.593654+00:00,roofing,texasbuildersinc.com,Verified from public website homepage.,enriched,info@texasbuildersinc.com,(817) 928-4909,0,public_business_site,https://texasbuildersinc.com/,TX,https://texasbuildersinc.com/,pass,,100,true,true,valid_business_site
Caliber Roofing & Construction,roofing contractor,El Paso,https://caliber-roofing.com/contact,el-paso-tx,true,true,true,ready_for_validation,2026-03-26T22:26:32.593657+00:00,roofing,caliber-roofing.com,Verified from public website homepage.,enriched,info@caliber-roofing.com,(915) 615-1527,0,public_business_site,https://caliber-roofing.com/,TX,https://caliber-roofing.com/,pass,,100,true,true,valid_business_site
Mann & Sons Roofing,roofing contractor,El Paso,https://www.mannandsonsroofing.com/contact-us,el-paso-tx,true,true,true,ready_for_validation,2026-03-26T22:26:32.593661+00:00,roofing,mannandsonsroofing.com,Verified from public website homepage.,enriched,shawn@mannandsonsroofing.com,(817) 937-0498,0,public_business_site,https://www.mannandsonsroofing.com/,TX,https://www.mannandsonsroofing.com/,pass,,100,true,true,valid_business_site
Area Roofing Co.,roofing contractor,Corpus Christi,https://www.arearoofingco.com/contact,corpus-christi-tx,true,true,true,ready_for_validation,2026-03-26T22:26:32.593667+00:00,roofing,arearoofingco.com,Verified from public website homepage.,enriched,arearoofing@yahoo.com,(361) 225-2755,0,public_business_site,https://www.arearoofingco.com/,TX,https://www.arearoofingco.com/,pass,,100,true,true,valid_business_site
Mammoth Construction,roofing contractor,Corpus Christi,https://mammothconstruction.net/services/roof-inspections/,corpus-christi-tx,true,true,true,ready_for_validation,2026-03-26T22:26:32.593668+00:00,roofing,mammothconstruction.net,Verified from public website homepage.,enriched,info@mammothconstruction.net,(361) 876-2722,0,public_business_site,https://mammothconstruction.net/,TX,https://mammothconstruction.net/,pass,,100,true,true,valid_business_site
Texas Built Roofing,roofing contractor,Waco,https://www.texasbuiltroofing.com/contact,waco-tx,true,true,true,ready_for_validation,2026-03-26T22:26:32.593700+00:00,roofing,texasbuiltroofing.com,Verified from public website homepage.,enriched,lee@texasbuiltroofing.com,(254) 717-2736,0,public_business_site,https://www.texasbuiltroofing.com/,TX,https://www.texasbuiltroofing.com/,pass,,100,true,true,valid_business_site
Waco Roofing Guys,roofing contractor,Waco,https://wacoroofingguys.com/#contact,waco-tx,true,true,true,ready_for_validation,2026-03-26T22:26:32.593704+00:00,roofing,wacoroofingguys.com,Verified from public website homepage.,enriched,hello@wacoroofingguys.com,(254) 749-0319,0,public_business_site,https://wacoroofingguys.com/,TX,https://wacoroofingguys.com/,pass,,100,true,true,valid_business_site
Western Roof Company,roofing contractor,Waco,https://westernroofco.com/contact,waco-tx,true,true,true,ready_for_validation,2026-03-26T22:26:32.593705+00:00,roofing,westernroofco.com,Verified from public website homepage.,enriched,sales@westernroofco.com,(254) 644-0606,0,public_business_site,https://westernroofco.com/,TX,https://westernroofco.com/,pass,,100,true,true,valid_business_site
Pahmiyer Roofing & Construction,roofing contractor,Waco,https://texasroofmaster.com/contact/,waco-tx,true,true,true,ready_for_validation,2026-03-26T22:26:32.593708+00:00,roofing,texasroofmaster.com,Verified from public website homepage.,enriched,info@texasroofmaster.com,(254) 755-7663,0,public_business_site,https://texasroofmaster.com/,TX,https://texasroofmaster.com/,pass,,100,true,true,valid_business_site
Bison Roofing - McAllen,roofing contractor,McAllen,https://bisonroofing.net/contact/,mcallen-tx,true,true,true,ready_for_validation,2026-03-26T22:26:32.593714+00:00,roofing,bisonroofing.net,Verified from public website homepage.,enriched,info@bisonroofing.net,(210) 888-9646,0,public_business_site,https://bisonroofing.net/best-roofing-company-in-mcallen-tx/,TX,https://bisonroofing.net/best-roofing-company-in-mcallen-tx/,pass,,100,true,true,valid_business_site
Remedy Roofing - Rio Grande Valley,roofing contractor,McAllen,https://remedyroofing.com/remedy-roofing-services/roof-inspections/,mcallen-tx,true,true,true,ready_for_validation,2026-03-26T22:26:32.593716+00:00,roofing,remedyroofing.com,Verified from public website homepage.,enriched,customerservice@remedyroofing.com,(888) 451-3361,0,public_business_site,https://remedyroofing.com/locations/rio-grande-valley/,TX,https://remedyroofing.com/locations/rio-grande-valley/,pass,,100,true,true,valid_business_site
West Texas Roofing,roofing contractor,Amarillo,https://westtexasroofing.com/request-an-estimate/,amarillo-tx,true,true,true,ready_for_validation,2026-03-26T22:26:32.593726+00:00,roofing,westtexasroofing.com,Verified from public website homepage.,enriched,info@westtexasroofing.com,(806) 359-7663,0,public_business_site,https://westtexasroofing.com/,TX,https://westtexasroofing.com/,pass,,100,true,true,valid_business_site
Pristine Roofing and Construction,roofing contractor,Amarillo,https://www.pristineroof.com/contact,amarillo-tx,true,true,true,ready_for_validation,2026-03-26T22:26:32.593734+00:00,roofing,pristineroof.com,Verified from public website homepage.,enriched,hello@pristineroof.com,(806) 557-0060,0,public_business_site,https://www.pristineroof.com/,TX,https://www.pristineroof.com/,pass,,100,true,true,valid_business_site
Basin Roofing & Construction,roofing contractor,Midland,https://basinroofing.com/contact-us/,midland-tx,true,true,true,ready_for_validation,2026-03-26T22:26:32.593738+00:00,roofing,basinroofing.com,Verified from public website homepage.,enriched,info@basinroofing.com,(800) 338-2063,0,public_business_site,https://basinroofing.com/,TX,https://basinroofing.com/,pass,,100,true,true,valid_business_site
Roofs By Nicholas,roofing contractor,Midland,https://www.roofsbynicholas.com/contact-us,midland-tx,true,true,true,ready_for_validation,2026-03-26T22:26:32.593742+00:00,roofing,roofsbynicholas.com,Verified from public website homepage.,enriched,roofsbynicholas1@gmail.com,(432) 520-7348,0,public_business_site,https://roofsbynicholas.com/,TX,https://www.roofsbynicholas.com/,pass,,100,true,true,valid_business_site
Home Page,roofing contractor,Houston,https://houstonroofingcontractor.com/contact/,houston-tx,true,true,true,ready_for_validation,2026-03-26T22:26:32.593764+00:00,roofing,houstonroofingcontractor.com,"Rebuilt from first successful public-web discovery pass for Houston, Texas; refreshed directly from official site where reachable.",enriched,admin@agshouston.com,(713) 952-3400,0,public_business_site,https://houstonroofingcontractor.com/,TX,https://houstonroofingcontractor.com/,pass,,100,true,true,valid_business_site
Craddock Roofing,roofing contractor,Houston,https://www.craddockroofing.com/contact,houston-tx,true,true,true,ready_for_validation,2026-03-26T22:26:32.593766+00:00,roofing,craddockroofing.com,"Rebuilt from first successful public-web discovery pass for Houston, Texas; refreshed directly from official site where reachable.",enriched,admin@craddockroofing.com,(713) 465-8090,0,public_business_site,https://craddockroofing.com/,TX,https://www.craddockroofing.com/,pass,,100,true,true,valid_business_site
GAF 3-Star President’s Club,roofing contractor,Houston,https://brinkmannquality.com/contact-us/,houston-tx,true,true,true,ready_for_validation,2026-03-26T22:26:32.593767+00:00,roofing,brinkmannquality.com,"Rebuilt from first successful public-web discovery pass for Houston, Texas; refreshed directly from official site where reachable.",enriched,info@brinkmannquality.com,(281) 480-7663,0,public_business_site,https://brinkmannquality.com/,TX,https://brinkmannquality.com/,pass,,100,true,true,valid_business_site
Houston Roofing,roofing contractor,Houston,https://houstonroofingonline.com/contact-us/,houston-tx,true,true,true,ready_for_validation,2026-03-26T22:26:32.593771+00:00,roofing,houstonroofingonline.com,"Rebuilt from first successful public-web discovery pass for Houston, Texas; refreshed directly from official site where reachable.",enriched,info@myhrc.biz,(832) 237-3737,0,public_business_site,https://houstonroofingonline.com/,TX,https://houstonroofingonline.com/,pass,,100,true,true,valid_business_site
Roof,roofing contractor,Houston,https://mysuperroofer.com/contact-us#contact-info,houston-tx,true,true,true,ready_for_validation,2026-03-26T22:26:32.593776+00:00,roofing,mysuperroofer.com,"Rebuilt from first successful public-web discovery pass for Houston, Texas; refreshed directly from official site where reachable.",enriched,info@mysuperroofer.com,(832) 707-9085,0,public_business_site,https://mysuperroofer.com/,TX,https://mysuperroofer.com/,pass,,100,true,true,valid_business_site
Roofers Near,roofing contractor,Houston,https://1stchoiceroofs.com/contact/,houston-tx,true,true,true,ready_for_validation,2026-03-26T22:26:32.593777+00:00,roofing,1stchoiceroofs.com,"Rebuilt from first successful public-web discovery pass for Houston, Texas; refreshed directly from official site where reachable.",enriched,leads@1stchoiceroofs.com,(281) 378-2431,0,public_business_site,https://1stchoiceroofs.com/,TX,https://1stchoiceroofs.com/,pass,,100,true,true,valid_business_site
New View Roofing,roofing contractor,Dallas,https://newviewroofing.com/contact-us/,dallas-tx,true,true,true,ready_for_validation,2026-03-26T22:26:32.593785+00:00,roofing,newviewroofing.com,"Rebuilt from first successful public-web discovery pass for Dallas, Texas; refreshed directly from official site where reachable.",enriched,info@newviewroofing.com,(469) 232-7220,0,public_business_site,https://newviewroofing.com/,TX,https://newviewroofing.com/,pass,,100,true,true,valid_business_site
Austin,roofing contractor,Austin,https://austinroofingandwaterdamage.com/contact-us/,austin-tx,true,true,true,ready_for_validation,2026-03-26T22:26:32.593797+00:00,roofing,austinroofingandwaterdamage.com,"Rebuilt from first successful public-web discovery pass for Austin, Texas; refreshed directly from official site where reachable.",enriched,bradfarr@rocketmail.com,(512) 820-6505,0,public_business_site,https://austinroofingandwaterdamage.com/,TX,https://austinroofingandwaterdamage.com/,pass,,100,true,true,valid_business_site
Austin,roofing contractor,Austin,https://j-connroofing.com/contact,austin-tx,true,true,true,ready_for_validation,2026-03-26T22:26:32.593801+00:00,roofing,j-connroofing.com,"Rebuilt from first successful public-web discovery pass for Austin, Texas; refreshed directly from official site where reachable.",enriched,info@j-connroofing.com,(512) 479-0510,0,public_business_site,https://j-connroofing.com/,TX,https://j-connroofing.com/,pass,,100,true,true,valid_business_site
Roofsandexteriors,roofing contractor,Austin,https://roofsandexteriors.com/contact/,austin-tx,true,true,true,ready_for_validation,2026-03-26T22:26:32.593802+00:00,roofing,roofsandexteriors.com,"Rebuilt from first successful public-web discovery pass for Austin, Texas; refreshed directly from official site where reachable.",enriched,gw@roofsandexteriors.com,(512) 686-7115,0,public_business_site,https://roofsandexteriors.com/,TX,https://roofsandexteriors.com/,pass,,100,true,true,valid_business_site
The Most Trusted,roofing contractor,Austin,https://bluehammerroofing.com/contact/,austin-tx,true,true,true,ready_for_validation,2026-03-26T22:26:32.593809+00:00,roofing,bluehammerroofing.com,"Rebuilt from first successful public-web discovery pass for Austin, Texas; refreshed directly from official site where reachable.",enriched,info@bluehammerroofing.com,(844) 426-6375,0,public_business_site,https://bluehammerroofing.com/,TX,https://bluehammerroofing.com/,pass,,100,true,true,valid_business_site
Texas Professional Roofing,roofing contractor,Austin,https://texasprofessionalroofing.com/contact-texas-professinal-roofing/,austin-tx,true,true,true,ready_for_validation,2026-03-26T22:26:32.593816+00:00,roofing,texasprofessionalroofing.com,"Rebuilt from first successful public-web discovery pass for Austin, Texas; refreshed directly from official site where reachable.",enriched,office@txproroofs.com,(512) 910-4110,0,public_business_site,https://texasprofessionalroofing.com/,TX,https://texasprofessionalroofing.com/,pass,,100,true,true,valid_business_site
Roofing Contractor In,roofing contractor,San Antonio,https://rooftoproofingandremodelingllc.com/request-estimate/,san-antonio-tx,true,true,true,ready_for_validation,2026-03-26T22:26:32.593820+00:00,roofing,rooftoproofingandremodelingllc.com,"Rebuilt from first successful public-web discovery pass for San Antonio, Texas; refreshed directly from official site where reachable.",enriched,roofing@rooftoproofingandremodelingllc.com,(210) 310-5543,0,public_business_site,https://rooftoproofingandremodelingllc.com/,TX,https://rooftoproofingandremodelingllc.com/,pass,,100,true,true,valid_business_site
Roofing Contractor,roofing contractor,San Antonio,https://www.stormroofing.com/contactus,san-antonio-tx,true,true,true,ready_for_validation,2026-03-26T22:26:32.593823+00:00,roofing,stormroofing.com,"Rebuilt from first successful public-web discovery pass for San Antonio, Texas; refreshed directly from official site where reachable.",enriched,storm1tx@gmail.com,(210) 366-0781,0,public_business_site,https://stormroofing.com/,TX,https://www.stormroofing.com/,pass,,100,true,true,valid_business_site
Roofing Company in,roofing contractor,San Antonio,https://rolandsroofing.com/contact/,san-antonio-tx,true,true,true,ready_for_validation,2026-03-26T22:26:32.593827+00:00,roofing,rolandsroofing.com,"Rebuilt from first successful public-web discovery pass for San Antonio, Texas; refreshed directly from official site where reachable.",enriched,rolands.roofing1970@gmail.com,(210) 543-7663,0,public_business_site,https://rolandsroofing.com/,TX,https://rolandsroofing.com/,pass,,100,true,true,valid_business_site
Integrity Roofing & Siding,roofing contractor,San Antonio,https://integritysa.com/contact-us/,san-antonio-tx,true,true,true,ready_for_validation,2026-03-26T22:26:32.593831+00:00,roofing,integritysa.com,"Rebuilt from first successful public-web discovery pass for San Antonio, Texas; refreshed directly from official site where reachable.",enriched,info@integritysa.com,(210) 340-7663,0,public_business_site,https://integritysa.com/,TX,https://integritysa.com/,pass,,100,true,true,valid_business_site
Alexander's Roofing: Expert,roofing contractor,San Antonio,https://www.alexandersroofing.com/contact-us,san-antonio-tx,true,true,true,ready_for_validation,2026-03-26T22:26:32.593833+00:00,roofing,alexandersroofing.com,"Rebuilt from first successful public-web discovery pass for San Antonio, Texas; refreshed directly from official site where reachable.",enriched,alexandersroofing@live.com,(210) 436-1135,0,public_business_site,https://alexandersroofing.com/,TX,https://www.alexandersroofing.com/,pass,,100,true,true,valid_business_site
Ideal Precision Roofing:,roofing contractor,San Antonio,https://idealprecisionroofing.com/contact-us/,san-antonio-tx,true,true,true,ready_for_validation,2026-03-26T22:26:32.593835+00:00,roofing,idealprecisionroofing.com,"Rebuilt from first successful public-web discovery pass for San Antonio, Texas; refreshed directly from official site where reachable.",enriched,michael@idealroofer.com,(210) 485-1553,0,public_business_site,https://idealprecisionroofing.com/,TX,https://idealprecisionroofing.com/,pass,,100,true,true,valid_business_site
Home,roofing contractor,Fort Worth,https://www.fireguysroofing.com/contact,fort-worth-tx,true,true,true,ready_for_validation,2026-03-26T22:26:32.593838+00:00,roofing,fireguysroofing.com,"Rebuilt from first successful public-web discovery pass for Fort Worth, Texas; refreshed directly from official site where reachable.",enriched,fireguysroofing@yahoo.com,(817) 703-5271,0,public_business_site,https://fireguysroofing.com/,TX,https://www.fireguysroofing.com/,pass,,100,true,true,valid_business_site
Home,roofing contractor,Fort Worth,https://tarrantcountyroofing.net/request-a-quote-contact-us/,fort-worth-tx,true,true,true,ready_for_validation,2026-03-26T22:26:32.593839+00:00,roofing,tarrantcountyroofing.net,"Rebuilt from first successful public-web discovery pass for Fort Worth, Texas; refreshed directly from official site where reachable.",enriched,info@tarrantcountyroofing.net,(817) 583-3691,0,public_business_site,https://tarrantcountyroofing.net/,TX,https://tarrantcountyroofing.net/,pass,,100,true,true,valid_business_site
Roofing and Renovation Experts of Richardson Texas,roofing contractor,Fort Worth,https://hometownroofinginc.net/contact/,fort-worth-tx,true,true,true,ready_for_validation,2026-03-26T22:26:32.593844+00:00,roofing,hometownroofinginc.net,"Rebuilt from first successful public-web discovery pass for Fort Worth, Texas; refreshed directly from official site where reachable.",enriched,hometownroofingoftexas@gmail.com,(972) 848-8888,0,public_business_site,https://hometownroofinginc.net/,TX,https://hometownroofinginc.net/,pass,,100,true,true,valid_business_site
Patrick's Roofing LLC,roofing contractor,Fort Worth,https://www.patricksroofing.com/contact,fort-worth-tx,true,true,true,ready_for_validation,2026-03-26T22:26:32.593845+00:00,roofing,patricksroofing.com,"Rebuilt from first successful public-web discovery pass for Fort Worth, Texas; refreshed directly from official site where reachable.",enriched,patrickm434369@gmail.com,(817) 528-2991,0,public_business_site,https://patricksroofing.com/,TX,https://www.patricksroofing.com/,pass,,100,true,true,valid_business_site
Home,roofing contractor,Fort Worth,https://waterscr.com/contact-us/,fort-worth-tx,true,true,true,ready_for_validation,2026-03-26T22:26:32.593849+00:00,roofing,waterscr.com,"Rebuilt from first successful public-web discovery pass for Fort Worth, Texas; refreshed directly from official site where reachable.",enriched,donniewaters@att.net,(817) 353-6106,0,public_business_site,https://waterscr.com/,TX,https://waterscr.com/,pass,,100,true,true,valid_business_site
Apple Roofing,roofing contractor,Fort Worth,https://appleroof.com/contact-us/,fort-worth-tx,true,true,true,ready_for_validation,2026-03-26T22:26:32.593853+00:00,roofing,appleroof.com,"Rebuilt from first successful public-web discovery pass for Fort Worth, Texas; refreshed directly from official site where reachable.",enriched,info@appleroof.com,(913) 676-7206,0,public_business_site,https://appleroof.com/,TX,https://appleroof.com/,pass,,100,true,true,valid_business_site
Home,roofing contractor,El Paso,https://goldladderroofing.com/Contact-Us,el-paso-tx,true,true,true,ready_for_validation,2026-03-26T22:26:32.593856+00:00,roofing,goldladderroofing.com,"Rebuilt from first successful public-web discovery pass for El Paso, Texas; refreshed directly from official site where reachable.",enriched,goldladderroofing@gmail.com,(915) 491-4609,0,public_business_site,https://goldladderroofing.com/,TX,https://goldladderroofing.com/,pass,,100,true,true,valid_business_site
America's Top,roofing contractor,El Paso,https://www.tectaamerica.com/contact-us/,el-paso-tx,true,true,true,ready_for_validation,2026-03-26T22:26:32.593857+00:00,roofing,tectaamerica.com,"Rebuilt from first successful public-web discovery pass for El Paso, Texas; refreshed directly from official site where reachable.",enriched,info@tectaamerica.com,(847) 581-3888,0,public_business_site,https://tectaamerica.com/,TX,https://www.tectaamerica.com/,pass,,100,true,true,valid_business_site
El Paso,roofing contractor,El Paso,https://www.dependableroofingep.com/contact.html,el-paso-tx,true,true,true,ready_for_validation,2026-03-26T22:26:32.593863+00:00,roofing,dependableroofingep.com,"Rebuilt from first successful public-web discovery pass for El Paso, Texas; refreshed directly from official site where reachable.",enriched,dependableroofing30@gmail.com,(915) 755-3038,0,public_business_site,https://dependableroofingep.com/,TX,https://www.dependableroofingep.com/,pass,,100,true,true,valid_business_site
Residential & Commercial Contractor,roofing contractor,El Paso,https://elpasoroofings.com/contact-us/,el-paso-tx,true,true,true,ready_for_validation,2026-03-26T22:26:32.593864+00:00,roofing,elpasoroofings.com,"Rebuilt from first successful public-web discovery pass for El Paso, Texas; refreshed directly from official site where reachable.",enriched,makconstruction.us@gmail.com,(915) 691-0532,0,public_business_site,https://elpasoroofings.com/,TX,https://elpasoroofings.com/,pass,,100,true,true,valid_business_site
Home,roofing contractor,El Paso,https://irgoroofing.com/contact-us/,el-paso-tx,true,true,true,ready_for_validation,2026-03-26T22:26:32.593867+00:00,roofing,irgoroofing.com,"Rebuilt from first successful public-web discovery pass for El Paso, Texas; refreshed directly from official site where reachable.",enriched,info@irgoroofing.com,(915) 777-1443,0,public_business_site,https://irgoroofing.com/,TX,https://irgoroofing.com/,pass,,100,true,true,valid_business_site
"RL Roofing Systems and Construction, LLC",roofing contractor,El Paso,https://www.rlroofingsystems.com/#contact-us,el-paso-tx,true,true,true,ready_for_validation,2026-03-26T22:26:32.593870+00:00,roofing,rlroofingsystems.com,"Rebuilt from first successful public-web discovery pass for El Paso, Texas; refreshed directly from official site where reachable.",enriched,rlroofingsystems@yahoo.com,(915) 727-5406,0,public_business_site,https://rlroofingsystems.com/,TX,https://www.rlroofingsystems.com/,pass,,100,true,true,valid_business_site
El Paso,roofing contractor,El Paso,https://donerightroofingandconstruction.com/#contact,el-paso-tx,true,true,true,ready_for_validation,2026-03-26T22:26:32.593871+00:00,roofing,donerightroofingandconstruction.com,"Rebuilt from first successful public-web discovery pass for El Paso, Texas; refreshed directly from official site where reachable.",enriched,mannyramirez0309@gmail.com,(915) 412-0525,0,public_business_site,https://donerightroofingandconstruction.com/,TX,https://donerightroofingandconstruction.com/,pass,,100,true,true,valid_business_site
Mighty Dog Roofing,roofing contractor,El Paso,https://www.mightydogroofing.com/contact-us/,el-paso-tx,true,true,true,ready_for_validation,2026-03-26T22:26:32.593872+00:00,roofing,mightydogroofing.com,"Rebuilt from first successful public-web discovery pass for El Paso, Texas; refreshed directly from official site where reachable.",enriched,help@mightydogroofing.com,(844) 942-4081,0,public_business_site,https://mightydogroofing.com/,TX,https://www.mightydogroofing.com/,pass,,100,true,true,valid_business_site
Roofing Company,roofing contractor,El Paso,https://mountainstarroofing.com/contact-us,el-paso-tx,true,true,true,ready_for_validation,2026-03-26T22:26:32.593876+00:00,roofing,mountainstarroofing.com,"Rebuilt from first successful public-web discovery pass for El Paso, Texas; refreshed directly from official site where reachable.",enriched,info@mountainstarroofing.com,(915) 881-4446,0,public_business_site,https://mountainstarroofing.com/,TX,https://mountainstarroofing.com/,pass,,100,true,true,valid_business_site
"Roofing Services, Roof Installation",roofing contractor,El Paso,https://rhinoroofingep.com/contact-us/,el-paso-tx,true,true,true,ready_for_validation,2026-03-26T22:26:32.593878+00:00,roofing,rhinoroofingep.com,"Rebuilt from first successful public-web discovery pass for El Paso, Texas; refreshed directly from official site where reachable.",enriched,915.rhino.roofing@gmail.com,(915) 275-5120,0,public_business_site,https://rhinoroofingep.com/,TX,https://rhinoroofingep.com/,pass,,100,true,true,valid_business_site
Residential and,roofing contractor,Arlington,https://www.legacyroofinggc.com/contact,arlington-tx,true,true,true,ready_for_validation,2026-03-26T22:26:32.593886+00:00,roofing,legacyroofinggc.com,"Rebuilt from first successful public-web discovery pass for Arlington, Texas; refreshed directly from official site where reachable.",enriched,info@legacyroofinggc.com,(972) 362-6521,0,public_business_site,https://legacyroofinggc.com/,TX,https://www.legacyroofinggc.com/,pass,,100,true,true,valid_business_site
Arlington Roofing Companies In Arlington TX 817-265-5520,roofing contractor,Arlington,https://johnwaderoofing.com/contact/,arlington-tx,true,true,true,ready_for_validation,2026-03-26T22:26:32.593888+00:00,roofing,johnwaderoofing.com,"Rebuilt from first successful public-web discovery pass for Arlington, Texas; refreshed directly from official site where reachable.",enriched,john@johnwaderoofing.com,(817) 265-5520,0,public_business_site,https://johnwaderoofing.com/,TX,https://johnwaderoofing.com/,pass,,100,true,true,valid_business_site
Parker County,roofing contractor,Arlington,https://lonestarroofingandrestoration.com/contact/,arlington-tx,true,true,true,ready_for_validation,2026-03-26T22:26:32.593892+00:00,roofing,lonestarroofingandrestoration.com,"Rebuilt from first successful public-web discovery pass for Arlington, Texas; refreshed directly from official site where reachable.",enriched,office@lonestarrandr.com,(682) 302-0707,0,public_business_site,https://lonestarroofingandrestoration.com/,TX,https://lonestarroofingandrestoration.com/,pass,,100,true,true,valid_business_site
Licensed Roofer,roofing contractor,Arlington,https://trinityroofingconstruction.com/contact-us/,arlington-tx,true,true,true,ready_for_validation,2026-03-26T22:26:32.593894+00:00,roofing,trinityroofingconstruction.com,"Rebuilt from first successful public-web discovery pass for Arlington, Texas; refreshed directly from official site where reachable.",enriched,info@trinityroofingconstruction.com,(866) 465-9530,0,public_business_site,https://trinityroofingconstruction.com/,TX,https://trinityroofingconstruction.com/,pass,,100,true,true,valid_business_site
Home,roofing contractor,Arlington,https://jonwrightindustries.com/Contact-Us,arlington-tx,true,true,true,ready_for_validation,2026-03-26T22:26:32.593899+00:00,roofing,jonwrightindustries.com,"Rebuilt from first successful public-web discovery pass for Arlington, Texas; refreshed directly from official site where reachable.",enriched,estimates@jonwrightindustries.com,(972) 251-1818,0,public_business_site,https://jonwrightindustries.com/,TX,https://jonwrightindustries.com/,pass,,100,true,true,valid_business_site
Quality Tops Roofing,roofing contractor,Arlington,https://qualitytopsroofing.com/contact,arlington-tx,true,true,true,ready_for_validation,2026-03-26T22:26:32.593901+00:00,roofing,qualitytopsroofing.com,"Rebuilt from first successful public-web discovery pass for Arlington, Texas; refreshed directly from official site where reachable.",enriched,info@qualitytopsroofing.com,(817) 469-8677,0,public_business_site,https://qualitytopsroofing.com/,TX,https://qualitytopsroofing.com/,pass,,100,true,true,valid_business_site
Jenkins Roofing,roofing contractor,Arlington,https://jenkinsroofing.com/contact/,arlington-tx,true,true,true,ready_for_validation,2026-03-26T22:26:32.593903+00:00,roofing,jenkinsroofing.com,"Rebuilt from first successful public-web discovery pass for Arlington, Texas; refreshed directly from official site where reachable.",enriched,info@jenkinsroofing.com,(817) 886-6710,0,public_business_site,https://jenkinsroofing.com/,TX,https://jenkinsroofing.com/,pass,,100,true,true,valid_business_site
Home,roofing contractor,Corpus Christi,https://buffaloroofingandexteriors.com/contact/,corpus-christi-tx,true,true,true,ready_for_validation,2026-03-26T22:26:32.593909+00:00,roofing,buffaloroofingandexteriors.com,"Rebuilt from first successful public-web discovery pass for Corpus Christi, Texas; refreshed directly from official site where reachable.",enriched,buffaloroofingandexteriors@gmail.com,(361) 291-4991,0,public_business_site,https://buffaloroofingandexteriors.com/,TX,https://buffaloroofingandexteriors.com/,pass,,100,true,true,valid_business_site
Expert,roofing contractor,Corpus Christi,https://bramirezroofing.com/Contact-Us,corpus-christi-tx,true,true,true,ready_for_validation,2026-03-26T22:26:32.593910+00:00,roofing,bramirezroofing.com,"Rebuilt from first successful public-web discovery pass for Corpus Christi, Texas; refreshed directly from official site where reachable.",enriched,info@bramirezroofing.com,(361) 688-9086,0,public_business_site,https://bramirezroofing.com/,TX,https://bramirezroofing.com/,pass,,100,true,true,valid_business_site
Roofing Contractors in Texas,roofing contractor,Corpus Christi,https://phillipsroof.com/contact-us/,corpus-christi-tx,true,true,true,ready_for_validation,2026-03-26T22:26:32.593912+00:00,roofing,phillipsroof.com,"Rebuilt from first successful public-web discovery pass for Corpus Christi, Texas; refreshed directly from official site where reachable.",enriched,jeremy@phillipsroof.com,(361) 815-3866,0,public_business_site,https://phillipsroof.com/,TX,https://phillipsroof.com/,pass,,100,true,true,valid_business_site
Home,roofing contractor,Corpus Christi,https://www.josephmill.com/contact/,corpus-christi-tx,true,true,true,ready_for_validation,2026-03-26T22:26:32.593913+00:00,roofing,josephmill.com,"Rebuilt from first successful public-web discovery pass for Corpus Christi, Texas; refreshed directly from official site where reachable.",enriched,cs23@josephmill.com,(225) 500-1444,0,public_business_site,https://josephmill.com/,TX,https://www.josephmill.com/,pass,,100,true,true,valid_business_site
Home,roofing contractor,Corpus Christi,https://berrymanroof.com/wp-content/plugins/contact-form-7/includes/css/styles.css?ver=6.1.5,corpus-christi-tx,true,true,true,ready_for_validation,2026-03-26T22:26:32.593914+00:00,roofing,berrymanroof.com,"Rebuilt from first successful public-web discovery pass for Corpus Christi, Texas; refreshed directly from official site where reachable.",enriched,support@berrymanroof.com,(361) 994-0342,0,public_business_site,https://berrymanroof.com/,TX,https://berrymanroof.com/,pass,,100,true,true,valid_business_site
Roofing Company,roofing contractor,Corpus Christi,https://www.gillroofingcoinc.com/free-roof-estimates,corpus-christi-tx,true,true,true,ready_for_validation,2026-03-26T22:26:32.593919+00:00,roofing,gillroofingcoinc.com,"Rebuilt from first successful public-web discovery pass for Corpus Christi, Texas; refreshed directly from official site where reachable.",enriched,darlene@gillroofingcoinc.com,(361) 882-8862,0,public_business_site,https://gillroofingcoinc.com/,TX,https://www.gillroofingcoinc.com/,pass,,100,true,true,valid_business_site
ALLEYCAT ROOFING,roofing contractor,Corpus Christi,https://alleycatroofing.com/contact/,corpus-christi-tx,true,true,true,ready_for_validation,2026-03-26T22:26:32.593920+00:00,roofing,alleycatroofing.com,"Rebuilt from first successful public-web discovery pass for Corpus Christi, Texas; refreshed directly from official site where reachable.",enriched,info@alleycatroofing.com,(361) 290-7055,0,public_business_site,https://alleycatroofing.com/,TX,https://alleycatroofing.com/,pass,,100,true,true,valid_business_site
Triumph Roofing,roofing contractor,Plano,https://www.triumphroofing.net/contact-us,plano-tx,true,true,true,ready_for_validation,2026-03-26T22:26:32.593925+00:00,roofing,triumphroofing.net,"Rebuilt from first successful public-web discovery pass for Plano, Texas; refreshed directly from official site where reachable.",enriched,info@triumphroofing.net,(972) 332-1766,0,public_business_site,https://triumphroofing.net/,TX,https://www.triumphroofing.net/,pass,,100,true,true,valid_business_site
Trusted,roofing contractor,Plano,https://infiniteroofing.com/contact-us/,plano-tx,true,true,true,ready_for_validation,2026-03-26T22:26:32.593929+00:00,roofing,infiniteroofing.com,"Rebuilt from first successful public-web discovery pass for Plano, Texas; refreshed directly from official site where reachable.",enriched,inquiries@infiniteroofinggcllc.com,(469) 300-5400,0,public_business_site,https://infiniteroofing.com/,TX,https://infiniteroofing.com/,pass,,100,true,true,valid_business_site
Commercial Roofing Contractor In,roofing contractor,Plano,http://gmroofingservices.com/contact/,plano-tx,true,true,true,ready_for_validation,2026-03-26T22:26:32.593931+00:00,roofing,gmroofingservices.com,"Rebuilt from first successful public-web discovery pass for Plano, Texas; refreshed directly from official site where reachable.",enriched,info@gmroofingservices.com,(214) 838-7506,0,public_business_site,https://gmroofingservices.com/,TX,https://gmroofingservices.com/,pass,,100,true,true,valid_business_site
Plano TX,roofing contractor,Plano,https://greenleaf-roofing.com/contact/,plano-tx,true,true,true,ready_for_validation,2026-03-26T22:26:32.593933+00:00,roofing,greenleaf-roofing.com,"Rebuilt from first successful public-web discovery pass for Plano, Texas; refreshed directly from official site where reachable.",enriched,info@greenleaf-roofing.com,(972) 379-9109,0,public_business_site,https://greenleaf-roofing.com/,TX,https://greenleaf-roofing.com/,pass,,100,true,true,valid_business_site
Roofing Contractor,roofing contractor,Plano,https://3kingsroofing.com/contact-us/,plano-tx,true,true,true,ready_for_validation,2026-03-26T22:26:32.593937+00:00,roofing,3kingsroofing.com,"Rebuilt from first successful public-web discovery pass for Plano, Texas; refreshed directly from official site where reachable.",enriched,dustin@3kingsroofing.com,(833) 314-7663,0,public_business_site,https://3kingsroofing.com/,TX,https://3kingsroofing.com/,pass,,100,true,true,valid_business_site
Home,roofing contractor,Plano,https://roofscapesdfw.com/contact-us/,plano-tx,true,true,true,ready_for_validation,2026-03-26T22:26:32.593942+00:00,roofing,roofscapesdfw.com,"Rebuilt from first successful public-web discovery pass for Plano, Texas; refreshed directly from official site where reachable.",enriched,roofscapesdfw@gmail.com,(972) 333-8872,0,public_business_site,https://roofscapesdfw.com/,TX,https://roofscapesdfw.com/,pass,,100,true,true,valid_business_site
Results Roofing,roofing contractor,Plano,https://resultsroofing.com/contact/,plano-tx,true,true,true,ready_for_validation,2026-03-26T22:26:32.593945+00:00,roofing,resultsroofing.com,"Rebuilt from first successful public-web discovery pass for Plano, Texas; refreshed directly from official site where reachable.",enriched,info@resultsroofing.com,(214) 301-5533,0,public_business_site,https://resultsroofing.com/,TX,https://resultsroofing.com/,pass,,100,true,true,valid_business_site
Lubbock,roofing contractor,Lubbock,https://kincaidroofing.com/contact-us/,lubbock-tx,true,true,true,ready_for_validation,2026-03-26T22:26:32.593951+00:00,roofing,kincaidroofing.com,"Rebuilt from first successful public-web discovery pass for Lubbock, Texas; refreshed directly from official site where reachable.",enriched,contact@kincaidroofing.com,(167) 476-1495,0,public_business_site,https://kincaidroofing.com/,TX,https://kincaidroofing.com/,pass,,100,true,true,valid_business_site
Candor Construct & Roofing,roofing contractor,Lubbock,https://www.candorconstructandroofing.com/contact-us,lubbock-tx,true,true,true,ready_for_validation,2026-03-26T22:26:32.593952+00:00,roofing,candorconstructandroofing.com,"Rebuilt from first successful public-web discovery pass for Lubbock, Texas; refreshed directly from official site where reachable.",enriched,contact@candorconstruct.com,(833) 522-6367,0,public_business_site,https://candorconstructandroofing.com/,TX,https://www.candorconstructandroofing.com/,pass,,100,true,true,valid_business_site
RoofClaim,roofing contractor,Lubbock,https://roofclaim.com/contact/,lubbock-tx,true,true,true,ready_for_validation,2026-03-26T22:26:32.593955+00:00,roofing,roofclaim.com,"Rebuilt from first successful public-web discovery pass for Lubbock, Texas; refreshed directly from official site where reachable.",enriched,media@roofclaim.com,(770) 999-0095,0,public_business_site,https://roofclaim.com/,TX,https://roofclaim.com/,pass,,100,true,true,valid_business_site
Forster Construction,roofing contractor,Lubbock,https://forsterconstruction.com/contact-us/,lubbock-tx,true,true,true,ready_for_validation,2026-03-26T22:26:32.593956+00:00,roofing,forsterconstruction.com,"Rebuilt from first successful public-web discovery pass for Lubbock, Texas; refreshed directly from official site where reachable.",enriched,forsterconstruction@hotmail.com,(806) 794-5600,0,public_business_site,https://forsterconstruction.com/,TX,https://forsterconstruction.com/,pass,,100,true,true,valid_business_site
Roofing Repair and,roofing contractor,Lubbock,https://nobleroofteam.com/contact,lubbock-tx,true,true,true,ready_for_validation,2026-03-26T22:26:32.593957+00:00,roofing,nobleroofteam.com,"Rebuilt from first successful public-web discovery pass for Lubbock, Texas; refreshed directly from official site where reachable.",enriched,contact@nobleroofteam.com,(888) 419-8670,0,public_business_site,https://nobleroofteam.com/,TX,https://nobleroofteam.com/,pass,,100,true,true,valid_business_site
Roofing Contractor Dallas TX,roofing contractor,Lubbock,https://roofexperts.com/contact-us/,lubbock-tx,true,true,true,ready_for_validation,2026-03-26T22:26:32.593962+00:00,roofing,roofexperts.com,"Rebuilt from first successful public-web discovery pass for Lubbock, Texas; refreshed directly from official site where reachable.",enriched,info@roofexperts.com,(469) 936-7663,0,public_business_site,https://roofexperts.com/,TX,https://roofexperts.com/,pass,,100,true,true,valid_business_site
Plains Roofing,roofing contractor,Lubbock,https://plainsroofing.com/contact,lubbock-tx,true,true,true,ready_for_validation,2026-03-26T22:26:32.593965+00:00,roofing,plainsroofing.com,"Rebuilt from first successful public-web discovery pass for Lubbock, Texas; refreshed directly from official site where reachable.",enriched,plainsroofing@gmail.com,(806) 748-0702,0,public_business_site,https://plainsroofing.com/,TX,https://plainsroofing.com/,pass,,100,true,true,valid_business_site
Roof Repairs,roofing contractor,Laredo,http://pineranchroofing.com/contact-us,laredo-tx,true,true,true,ready_for_validation,2026-03-26T22:26:32.594038+00:00,roofing,pineranchroofing.com,"Rebuilt from first successful public-web discovery pass for Laredo, Texas; refreshed directly from official site where reachable.",enriched,info@pineranchroofing.com,(832) 985-8158,0,public_business_site,https://pineranchroofing.com/,TX,https://pineranchroofing.com/,pass,,100,true,true,valid_business_site
Irving,roofing contractor,Irving,https://irvingroofingpro.com/contact-us/,irving-tx,true,true,true,ready_for_validation,2026-03-26T22:26:32.594061+00:00,roofing,irvingroofingpro.com,"Rebuilt from first successful public-web discovery pass for Irving, Texas; refreshed directly from official site where reachable.",enriched,contact@dfwroofingpro.com,(972) 979-1070,0,public_business_site,https://irvingroofingpro.com/,TX,https://irvingroofingpro.com/,pass,,100,true,true,valid_business_site
Roofing Contractors in CA & Texas,roofing contractor,Irving,https://newhausroofing.com/free-estimate,irving-tx,true,true,true,ready_for_validation,2026-03-26T22:26:32.594062+00:00,roofing,newhausroofing.com,"Rebuilt from first successful public-web discovery pass for Irving, Texas; refreshed directly from official site where reachable.",enriched,info@newhausroofing.com,(747) 335-5704,0,public_business_site,https://newhausroofing.com/,TX,https://newhausroofing.com/,pass,,100,true,true,valid_business_site
Home Old Pro Roofing,roofing contractor,Irving,https://oldproroofing.com/contact-us/,irving-tx,true,true,true,ready_for_validation,2026-03-26T22:26:32.594067+00:00,roofing,oldproroofing.com,"Rebuilt from first successful public-web discovery pass for Irving, Texas; refreshed directly from official site where reachable.",enriched,info@oldproroofing.com,(817) 929-7663,0,public_business_site,https://oldproroofing.com/,TX,https://oldproroofing.com/,pass,,100,true,true,valid_business_site
Caldwell Exteriors,roofing contractor,Irving,https://caldwellexterior.com/contact-us,irving-tx,true,true,true,ready_for_validation,2026-03-26T22:26:32.594068+00:00,roofing,caldwellexterior.com,"Rebuilt from first successful public-web discovery pass for Irving, Texas; refreshed directly from official site where reachable.",enriched,office@caldwellexterior.com,(877) 433-9766,0,public_business_site,https://caldwellexterior.com/,TX,https://caldwellexterior.com/,pass,,100,true,true,valid_business_site
#1 Roofing Grapevine TX Company,roofing contractor,Irving,https://callkangaroofdfw.com/contact,irving-tx,true,true,true,ready_for_validation,2026-03-26T22:26:32.594070+00:00,roofing,callkangaroofdfw.com,"Rebuilt from first successful public-web discovery pass for Irving, Texas; refreshed directly from official site where reachable.",enriched,info@callkangaroof.com,(214) 790-7663,0,public_business_site,https://callkangaroofdfw.com/,TX,https://callkangaroofdfw.com/,pass,,100,true,true,valid_business_site
Home,roofing contractor,Irving,https://dfwexpertroofrepair.com/contact/,irving-tx,true,true,true,ready_for_validation,2026-03-26T22:26:32.594073+00:00,roofing,dfwexpertroofrepair.com,"Rebuilt from first successful public-web discovery pass for Irving, Texas; refreshed directly from official site where reachable.",enriched,dfwexpertroofrepair@gmail.com,(972) 838-1977,0,public_business_site,https://dfwexpertroofrepair.com/,TX,https://dfwexpertroofrepair.com/,pass,,100,true,true,valid_business_site
Commercial Flat Roofing of Dallas,roofing contractor,Irving,https://commercialflatroofingofdallas.com/contact/,irving-tx,true,true,true,ready_for_validation,2026-03-26T22:26:32.594077+00:00,roofing,commercialflatroofingofdallas.com,"Rebuilt from first successful public-web discovery pass for Irving, Texas; refreshed directly from official site where reachable.",enriched,info@commercialflatroofingofdallas.com,(214) 336-7242,0,public_business_site,https://commercialflatroofingofdallas.com/,TX,https://commercialflatroofingofdallas.com/,pass,,100,true,true,valid_business_site
Top Roofing Experts in Texas,roofing contractor,Irving,https://www.911exteriors.com/contact/,irving-tx,true,true,true,ready_for_validation,2026-03-26T22:26:32.594079+00:00,roofing,911exteriors.com,"Rebuilt from first successful public-web discovery pass for Irving, Texas; refreshed directly from official site where reachable.",enriched,ash@911exteriors.com,(972) 243-6700,0,public_business_site,https://911exteriors.com/,TX,https://www.911exteriors.com/,pass,,100,true,true,valid_business_site
Clutch Roofing Performance,roofing contractor,Garland,https://clutchroof.com/contact/,garland-tx,true,true,true,ready_for_validation,2026-03-26T22:26:32.594088+00:00,roofing,clutchroof.com,"Rebuilt from first successful public-web discovery pass for Garland, Texas; refreshed directly from official site where reachable.",enriched,info@clutchroof.com,(214) 949-3966,0,public_business_site,https://clutchroof.com/,TX,https://clutchroof.com/,pass,,100,true,true,valid_business_site
Home,roofing contractor,Garland,https://bigdroofing.com/contact-us/,garland-tx,true,true,true,ready_for_validation,2026-03-26T22:26:32.594089+00:00,roofing,bigdroofing.com,"Rebuilt from first successful public-web discovery pass for Garland, Texas; refreshed directly from official site where reachable.",enriched,bigdroofingco@gmail.com,(972) 495-8000,0,public_business_site,https://bigdroofing.com/,TX,https://bigdroofing.com/,pass,,100,true,true,valid_business_site
Emery Construction: Dallas,roofing contractor,Garland,https://emeryroofing.com/contact-us/,garland-tx,true,true,true,ready_for_validation,2026-03-26T22:26:32.594092+00:00,roofing,emeryroofing.com,"Rebuilt from first successful public-web discovery pass for Garland, Texas; refreshed directly from official site where reachable.",enriched,info@emeryroofing.com,(940) 642-7070,0,public_business_site,https://emeryroofing.com/,TX,https://emeryroofing.com/,pass,,100,true,true,valid_business_site
Excellent Building Solutions,roofing contractor,Garland,https://jprconstructioninc.com/contact/,garland-tx,true,true,true,ready_for_validation,2026-03-26T22:26:32.594095+00:00,roofing,jprconstructioninc.com,"Rebuilt from first successful public-web discovery pass for Garland, Texas; refreshed directly from official site where reachable.",enriched,contact@jprconstructioninc.com,(972) 278-0668,0,public_business_site,https://jprconstructioninc.com/,TX,https://jprconstructioninc.com/,pass,,100,true,true,valid_business_site
Garland,roofing contractor,Garland,https://garlandcommercialroofing.net/contact/,garland-tx,true,true,true,ready_for_validation,2026-03-26T22:26:32.594097+00:00,roofing,garlandcommercialroofing.net,"Rebuilt from first successful public-web discovery pass for Garland, Texas; refreshed directly from official site where reachable.",enriched,info@garlandcommercialroofing.net,(945) 212-7985,0,public_business_site,https://garlandcommercialroofing.net/,TX,https://garlandcommercialroofing.net/,pass,,100,true,true,valid_business_site
DFW Roofing Pro,roofing contractor,Garland,https://dfwroofingpro.com/contact-us/,garland-tx,true,true,true,ready_for_validation,2026-03-26T22:26:32.594104+00:00,roofing,dfwroofingpro.com,"Rebuilt from first successful public-web discovery pass for Garland, Texas; refreshed directly from official site where reachable.",enriched,contact@dfwroofingpro.com,(972) 979-1070,0,public_business_site,https://dfwroofingpro.com/,TX,https://dfwroofingpro.com/,pass,,100,true,true,valid_business_site
Roofing Services,roofing contractor,Amarillo,https://www.xitroofingandconstruction.com/contact/,amarillo-tx,true,true,true,ready_for_validation,2026-03-26T22:26:32.594110+00:00,roofing,xitroofingandconstruction.com,"Rebuilt from first successful public-web discovery pass for Amarillo, Texas; refreshed directly from official site where reachable.",enriched,info@xitroofingandconstruction.com,(806) 477-9919,0,public_business_site,https://xitroofingandconstruction.com/,TX,https://www.xitroofingandconstruction.com/,pass,,100,true,true,valid_business_site
Roofers in,roofing contractor,Amarillo,http://www.roofspotters.com/contact/,amarillo-tx,true,true,true,ready_for_validation,2026-03-26T22:26:32.594112+00:00,roofing,roofspotters.com,"Rebuilt from first successful public-web discovery pass for Amarillo, Texas; refreshed directly from official site where reachable.",enriched,roofspotters@gmail.com,(806) 372-4149,0,public_business_site,https://roofspotters.com/,TX,https://www.roofspotters.com/,pass,,100,true,true,valid_business_site
ECG Commercial,roofing contractor,Amarillo,https://www.excelcg.com/about/contact/,amarillo-tx,true,true,true,ready_for_validation,2026-03-26T22:26:32.594114+00:00,roofing,excelcg.com,"Rebuilt from first successful public-web discovery pass for Amarillo, Texas; refreshed directly from official site where reachable.",enriched,info@excelcg.com,(833) 324-2699,0,public_business_site,https://excelcg.com/,TX,https://www.excelcg.com/,pass,,100,true,true,valid_business_site
Roofing and Remodeling Experts in,roofing contractor,Amarillo,https://theroofgurus.com/contact/,amarillo-tx,true,true,true,ready_for_validation,2026-03-26T22:26:32.594116+00:00,roofing,theroofgurus.com,"Rebuilt from first successful public-web discovery pass for Amarillo, Texas; refreshed directly from official site where reachable.",enriched,pedro@theroofgurus.com,(806) 203-0974,0,public_business_site,https://theroofgurus.com/,TX,https://theroofgurus.com/,pass,,100,true,true,valid_business_site
Morales Roofing,roofing contractor,Amarillo,https://www.moralesroofingamarillo.com/contact,amarillo-tx,true,true,true,ready_for_validation,2026-03-26T22:26:32.594118+00:00,roofing,moralesroofingamarillo.com,"Rebuilt from first successful public-web discovery pass for Amarillo, Texas; refreshed directly from official site where reachable.",enriched,moralesroofingtexas@gmail.com,(806) 626-7578,0,public_business_site,https://moralesroofingamarillo.com/,TX,https://www.moralesroofingamarillo.com/,pass,,100,true,true,valid_business_site
Amarillo,roofing contractor,Amarillo,https://tascosaroofing.com/contact-us/,amarillo-tx,true,true,true,ready_for_validation,2026-03-26T22:26:32.594125+00:00,roofing,tascosaroofing.com,"Rebuilt from first successful public-web discovery pass for Amarillo, Texas; refreshed directly from official site where reachable.",enriched,tascosaroofing@gmail.com,(806) 454-9277,0,public_business_site,https://tascosaroofing.com/,TX,https://tascosaroofing.com/,pass,,100,true,true,valid_business_site
Hathaway Roofing & Construction I Home,roofing contractor,Amarillo,https://www.hathawayroofing.com/contact,amarillo-tx,true,true,true,ready_for_validation,2026-03-26T22:26:32.594127+00:00,roofing,hathawayroofing.com,"Rebuilt from first successful public-web discovery pass for Amarillo, Texas; refreshed directly from official site where reachable.",enriched,tharen@hathawayroofing.com,(806) 223-5376,0,public_business_site,https://hathawayroofing.com/,TX,https://www.hathawayroofing.com/,pass,,100,true,true,valid_business_site
Redladderroofing,roofing contractor,Grand Prairie,https://www.redladderroofing.com/firefighter-owned/contact-us/,grand-prairie-tx,true,true,true,ready_for_validation,2026-03-26T22:26:32.594131+00:00,roofing,redladderroofing.com,"Rebuilt from first successful public-web discovery pass for Grand Prairie, Texas; refreshed directly from official site where reachable.",enriched,office@redladderroofing.com,(940) 736-8577,0,public_business_site,https://redladderroofing.com/,TX,https://www.redladderroofing.com/,pass,,100,true,true,valid_business_site
Birdcreek Roofing,roofing contractor,Grand Prairie,https://www.birdcreekroofing.com/contact,grand-prairie-tx,true,true,true,ready_for_validation,2026-03-26T22:26:32.594133+00:00,roofing,birdcreekroofing.com,"Rebuilt from first successful public-web discovery pass for Grand Prairie, Texas; refreshed directly from official site where reachable.",enriched,admin@birdcreekroofing.com,(800) 693-6041,0,public_business_site,https://birdcreekroofing.com/,TX,https://www.birdcreekroofing.com/,pass,,100,true,true,valid_business_site
Ahlers Roofing and Construction,roofing contractor,Grand Prairie,https://ahlersroofing.com/contact-ahlers-roofing,grand-prairie-tx,true,true,true,ready_for_validation,2026-03-26T22:26:32.594136+00:00,roofing,ahlersroofing.com,"Rebuilt from first successful public-web discovery pass for Grand Prairie, Texas; refreshed directly from official site where reachable.",enriched,info@ahlersroofing.com,(214) 214-7663,0,public_business_site,https://ahlersroofing.com/,TX,https://ahlersroofing.com/,pass,,100,true,true,valid_business_site
Residential &,roofing contractor,Grand Prairie,https://www.roofingdalco.com/contact-us/,grand-prairie-tx,true,true,true,ready_for_validation,2026-03-26T22:26:32.594138+00:00,roofing,roofingdalco.com,"Rebuilt from first successful public-web discovery pass for Grand Prairie, Texas; refreshed directly from official site where reachable.",enriched,brook@roofingdalco.com,(214) 632-7177,0,public_business_site,https://roofingdalco.com/,TX,https://www.roofingdalco.com/,pass,,100,true,true,valid_business_site
Dallas,roofing contractor,Grand Prairie,https://www.westroofingdallas.com/contact-our-dallas-roofers.html,grand-prairie-tx,true,true,true,ready_for_validation,2026-03-26T22:26:32.594139+00:00,roofing,westroofingdallas.com,"Rebuilt from first successful public-web discovery pass for Grand Prairie, Texas; refreshed directly from official site where reachable.",enriched,vhalusek@westroofingdallas.com,(972) 869-2655,0,public_business_site,https://westroofingdallas.com/,TX,https://westroofingdallas.com/,pass,,100,true,true,valid_business_site
Vertical Solutions Roofing,roofing contractor,Grand Prairie,https://verticalsolutionsroofing.com/contact/,grand-prairie-tx,true,true,true,ready_for_validation,2026-03-26T22:26:32.594140+00:00,roofing,verticalsolutionsroofing.com,"Rebuilt from first successful public-web discovery pass for Grand Prairie, Texas; refreshed directly from official site where reachable.",enriched,admin@verticalsolutionsroofing.com,(214) 706-2749,0,public_business_site,https://verticalsolutionsroofing.com/,TX,https://verticalsolutionsroofing.com/,pass,,100,true,true,valid_business_site
"Roofer in Colleyville, TX",roofing contractor,Grand Prairie,https://kmservicepro.com/contact/,grand-prairie-tx,true,true,true,ready_for_validation,2026-03-26T22:26:32.594143+00:00,roofing,kmservicepro.com,"Rebuilt from first successful public-web discovery pass for Grand Prairie, Texas; refreshed directly from official site where reachable.",enriched,office@kmservicepro.com,(817) 918-3940,0,public_business_site,https://kmservicepro.com/,TX,https://kmservicepro.com/,pass,,100,true,true,valid_business_site
High Bar Roofing Haslet,roofing contractor,Grand Prairie,https://www.highbarroofing.com/contact-us,grand-prairie-tx,true,true,true,ready_for_validation,2026-03-26T22:26:32.594145+00:00,roofing,highbarroofing.com,"Rebuilt from first successful public-web discovery pass for Grand Prairie, Texas; refreshed directly from official site where reachable.",enriched,calvin@highbarroofing.com,(817) 925-6737,0,public_business_site,https://highbarroofing.com/,TX,https://www.highbarroofing.com/,pass,,100,true,true,valid_business_site
"Metal Roofing, Metal Shingles, Standing Seam Metal Roofing",roofing contractor,Grand Prairie,https://www.superoof.com/contact/,grand-prairie-tx,true,true,true,ready_for_validation,2026-03-26T22:26:32.594146+00:00,roofing,superoof.com,"Rebuilt from first successful public-web discovery pass for Grand Prairie, Texas; refreshed directly from official site where reachable.",enriched,info@superoof.com,(817) 268-1500,0,public_business_site,https://superoof.com/,TX,https://www.superoof.com/,pass,,100,true,true,valid_business_site
"Roofing Experts, Contractors & Services in Texas",roofing contractor,McKinney,https://eliteroofpro.com/contact-elite/,mckinney-tx,true,true,true,ready_for_validation,2026-03-26T22:26:32.594149+00:00,roofing,eliteroofpro.com,"Rebuilt from first successful public-web discovery pass for McKinney, Texas; refreshed directly from official site where reachable.",enriched,info@eliteroofpro.com,(713) 804-7663,0,public_business_site,https://eliteroofpro.com/,TX,https://eliteroofpro.com/,pass,,100,true,true,valid_business_site
Mckinney Roofing,roofing contractor,McKinney,https://mckinneyroofing.net/contact-us/,mckinney-tx,true,true,true,ready_for_validation,2026-03-26T22:26:32.594152+00:00,roofing,mckinneyroofing.net,"Rebuilt from first successful public-web discovery pass for McKinney, Texas; refreshed directly from official site where reachable.",enriched,mckinney.roofer@gmail.com,(972) 369-1011,0,public_business_site,https://mckinneyroofing.net/,TX,https://mckinneyroofing.net/,pass,,100,true,true,valid_business_site
Roofing Contractors Carrollton,roofing contractor,McKinney,https://jciroofing.com/contact,mckinney-tx,true,true,true,ready_for_validation,2026-03-26T22:26:32.594161+00:00,roofing,jciroofing.com,"Rebuilt from first successful public-web discovery pass for McKinney, Texas; refreshed directly from official site where reachable.",enriched,contact@jciroofing.com,(972) 245-4025,0,public_business_site,https://jciroofing.com/,TX,https://jciroofing.com/,pass,,100,true,true,valid_business_site
Home,roofing contractor,McKinney,https://newleafroofing.net/Contact-Us,mckinney-tx,true,true,true,ready_for_validation,2026-03-26T22:26:32.594164+00:00,roofing,newleafroofing.net,"Rebuilt from first successful public-web discovery pass for McKinney, Texas; refreshed directly from official site where reachable.",enriched,info@newleafroofing.net,(214) 924-0186,0,public_business_site,https://newleafroofing.net/,TX,https://newleafroofing.net/,pass,,100,true,true,valid_business_site
McKinney TX Roofing & Home Remodeling,roofing contractor,McKinney,https://yfroofer.com/contact,mckinney-tx,true,true,true,ready_for_validation,2026-03-26T22:26:32.594165+00:00,roofing,yfroofer.com,"Rebuilt from first successful public-web discovery pass for McKinney, Texas; refreshed directly from official site where reachable.",enriched,admin@yfroofer.com,(888) 596-7374,0,public_business_site,https://yfroofer.com/,TX,https://yfroofer.com/,pass,,100,true,true,valid_business_site
Roofing Company,roofing contractor,McKinney,https://www.mckinneyroofing.com/contact-us/,mckinney-tx,true,true,true,ready_for_validation,2026-03-26T22:26:32.594167+00:00,roofing,mckinneyroofing.com,"Rebuilt from first successful public-web discovery pass for McKinney, Texas; refreshed directly from official site where reachable.",enriched,mckinneyroofing@gmail.com,(972) 977-8210,0,public_business_site,https://mckinneyroofing.com/,TX,https://www.mckinneyroofing.com/,pass,,100,true,true,valid_business_site
Roofing Company Dallas TX,roofing contractor,McKinney,https://www.wbroofing.com/contact-us/,mckinney-tx,true,true,true,ready_for_validation,2026-03-26T22:26:32.594168+00:00,roofing,wbroofing.com,"Rebuilt from first successful public-web discovery pass for McKinney, Texas; refreshed directly from official site where reachable.",enriched,reroof@wbroofing.com,(214) 971-8838,0,public_business_site,https://wbroofing.com/,TX,https://www.wbroofing.com/,pass,,100,true,true,valid_business_site
Full Service,roofing contractor,McKinney,https://www.armorroofco.com/contact/,mckinney-tx,true,true,true,ready_for_validation,2026-03-26T22:26:32.594173+00:00,roofing,armorroofco.com,"Rebuilt from first successful public-web discovery pass for McKinney, Texas; refreshed directly from official site where reachable.",enriched,info@armorroofco.com,(972) 863-1047,0,public_business_site,https://armorroofco.com/,TX,https://www.armorroofco.com/,pass,,100,true,true,valid_business_site
Brotherhood Roofing,roofing contractor,Frisco,https://brotherhoodroofing.com/contact/,frisco-tx,true,true,true,ready_for_validation,2026-03-26T22:26:32.594181+00:00,roofing,brotherhoodroofing.com,"Rebuilt from first successful public-web discovery pass for Frisco, Texas; refreshed directly from official site where reachable.",enriched,info@brotherhoodroofing.com,(972) 742-5332,0,public_business_site,https://brotherhoodroofing.com/,TX,https://brotherhoodroofing.com/,pass,,100,true,true,valid_business_site
SLM General Contractors & Roofing LLC: Home Page,roofing contractor,Frisco,https://slmgc.com/contact,frisco-tx,true,true,true,ready_for_validation,2026-03-26T22:26:32.594185+00:00,roofing,slmgc.com,"Rebuilt from first successful public-web discovery pass for Frisco, Texas; refreshed directly from official site where reachable.",enriched,info@slmgc.com,(469) 844-2300,0,public_business_site,https://slmgc.com/,TX,https://slmgc.com/,pass,,100,true,true,valid_business_site
Home,roofing contractor,Frisco,https://townandcountryroofingdfw.com/contact-us/,frisco-tx,true,true,true,ready_for_validation,2026-03-26T22:26:32.594188+00:00,roofing,townandcountryroofingdfw.com,"Rebuilt from first successful public-web discovery pass for Frisco, Texas; refreshed directly from official site where reachable.",enriched,info@townandcountryroofingdfw.com,(972) 377-8188,0,public_business_site,https://townandcountryroofingdfw.com/,TX,https://townandcountryroofingdfw.com/,pass,,100,true,true,valid_business_site
Expert Roofing Services in North Texas,roofing contractor,Frisco,https://www.mdroofingpros.com/#contact,frisco-tx,true,true,true,ready_for_validation,2026-03-26T22:26:32.594190+00:00,roofing,mdroofingpros.com,"Rebuilt from first successful public-web discovery pass for Frisco, Texas; refreshed directly from official site where reachable.",enriched,michael@mdroofingpros.com,(972) 834-3009,0,public_business_site,https://mdroofingpros.com/,TX,https://www.mdroofingpros.com/,pass,,100,true,true,valid_business_site
Roofing Company in,roofing contractor,Frisco,https://www.suntexroofs.com/contact-us,frisco-tx,true,true,true,ready_for_validation,2026-03-26T22:26:32.594191+00:00,roofing,suntexroofs.com,"Rebuilt from first successful public-web discovery pass for Frisco, Texas; refreshed directly from official site where reachable.",enriched,office@suntexroofs.com,(214) 766-3669,0,public_business_site,https://suntexroofs.com/,TX,https://www.suntexroofs.com/,pass,,100,true,true,valid_business_site
OneSource Roofing & Restoration,roofing contractor,Frisco,https://onesourceroofs.com/contact-us,frisco-tx,true,true,true,ready_for_validation,2026-03-26T22:26:32.594192+00:00,roofing,onesourceroofs.com,"Rebuilt from first successful public-web discovery pass for Frisco, Texas; refreshed directly from official site where reachable.",enriched,contact@onesourceroofs.com,(972) 928-2988,0,public_business_site,https://onesourceroofs.com/,TX,https://onesourceroofs.com/,pass,,100,true,true,valid_business_site
Impression Roofing,roofing contractor,Frisco,https://www.impressionroofing.com/contact.html,frisco-tx,true,true,true,ready_for_validation,2026-03-26T22:26:32.594194+00:00,roofing,impressionroofing.com,"Rebuilt from first successful public-web discovery pass for Frisco, Texas; refreshed directly from official site where reachable.",enriched,joseph@impressionroofing.com,(817) 305-7178,0,public_business_site,https://impressionroofing.com/,TX,https://www.impressionroofing.com/,pass,,100,true,true,valid_business_site
Roofing Contractors in,roofing contractor,Frisco,https://coppertreeroofing.com/contact-us/,frisco-tx,true,true,true,ready_for_validation,2026-03-26T22:26:32.594195+00:00,roofing,coppertreeroofing.com,"Rebuilt from first successful public-web discovery pass for Frisco, Texas; refreshed directly from official site where reachable.",enriched,info@coppertreeroofing.com,(214) 387-7663,0,public_business_site,https://coppertreeroofing.com/,TX,https://coppertreeroofing.com/,pass,,100,true,true,valid_business_site
#1 Southlake,roofing contractor,Frisco,https://www.griffithroofing.com/contact/,frisco-tx,true,true,true,ready_for_validation,2026-03-26T22:26:32.594197+00:00,roofing,griffithroofing.com,"Rebuilt from first successful public-web discovery pass for Frisco, Texas; refreshed directly from official site where reachable.",enriched,mark@griffithroofing.com,(200) 364-9997,0,public_business_site,https://griffithroofing.com/,TX,https://www.griffithroofing.com/,pass,,100,true,true,valid_business_site
Home,roofing contractor,Pasadena,https://gifford-roofing.com/contact/,pasadena-tx,true,true,true,ready_for_validation,2026-03-26T22:26:32.594198+00:00,roofing,gifford-roofing.com,"Rebuilt from first successful public-web discovery pass for Pasadena, Texas; refreshed directly from official site where reachable.",enriched,info@gifford-roofing.com,(713) 565-7663,0,public_business_site,https://gifford-roofing.com/,TX,https://gifford-roofing.com/,pass,,100,true,true,valid_business_site
Roofing Contractor,roofing contractor,Pasadena,https://12stonesroofing.com/contact-us/,pasadena-tx,true,true,true,ready_for_validation,2026-03-26T22:26:32.594203+00:00,roofing,12stonesroofing.com,"Rebuilt from first successful public-web discovery pass for Pasadena, Texas; refreshed directly from official site where reachable.",enriched,admin@12stonesroofing.com,(832) 815-9463,0,public_business_site,https://12stonesroofing.com/,TX,https://12stonesroofing.com/,pass,,100,true,true,valid_business_site
Trusted,roofing contractor,Pasadena,https://smithandsonsroofing.com/contact/,pasadena-tx,true,true,true,ready_for_validation,2026-03-26T22:26:32.594205+00:00,roofing,smithandsonsroofing.com,"Rebuilt from first successful public-web discovery pass for Pasadena, Texas; refreshed directly from official site where reachable.",enriched,info@smithandsonsroofing.com,(254) 524-4966,0,public_business_site,https://smithandsonsroofing.com/,TX,https://smithandsonsroofing.com/,pass,,100,true,true,valid_business_site
DR Roofing and Construction,roofing contractor,Pasadena,https://drroofingandconstruction.com/contact-dr-roofing-and-construction,pasadena-tx,true,true,true,ready_for_validation,2026-03-26T22:26:32.594207+00:00,roofing,drroofingandconstruction.com,"Rebuilt from first successful public-web discovery pass for Pasadena, Texas; refreshed directly from official site where reachable.",enriched,sales@drroofingandconstruction.com,(888) 420-6767,0,public_business_site,https://drroofingandconstruction.com/,TX,https://drroofingandconstruction.com/,pass,,100,true,true,valid_business_site
TSG Roofing,roofing contractor,Pasadena,https://tsgroofing.com/contact-us/,pasadena-tx,true,true,true,ready_for_validation,2026-03-26T22:26:32.594211+00:00,roofing,tsgroofing.com,"Rebuilt from first successful public-web discovery pass for Pasadena, Texas; refreshed directly from official site where reachable.",enriched,info@tsgroofing.com,(888) 831-1005,0,public_business_site,https://tsgroofing.com/,TX,https://tsgroofing.com/,pass,,100,true,true,valid_business_site
Diversified Roofing,roofing contractor,Pasadena,https://www.diversifiedroofing.com/contact/,pasadena-tx,true,true,true,ready_for_validation,2026-03-26T22:26:32.594212+00:00,roofing,diversifiedroofing.com,"Rebuilt from first successful public-web discovery pass for Pasadena, Texas; refreshed directly from official site where reachable.",enriched,info@diversifiedroofing.com,(602) 870-8322,0,public_business_site,https://diversifiedroofing.com/,TX,https://www.diversifiedroofing.com/,pass,,100,true,true,valid_business_site
Amstill Roofing,roofing contractor,Pasadena,https://amstillroofing.com/contact/,pasadena-tx,true,true,true,ready_for_validation,2026-03-26T22:26:32.594219+00:00,roofing,amstillroofing.com,"Rebuilt from first successful public-web discovery pass for Pasadena, Texas; refreshed directly from official site where reachable.",enriched,info@amstillroofing.com,(281) 495-1878,0,public_business_site,https://amstillroofing.com/,TX,https://amstillroofing.com/,pass,,100,true,true,valid_business_site
Houston,roofing contractor,Pasadena,https://www.roofsquad.com/contact,pasadena-tx,true,true,true,ready_for_validation,2026-03-26T22:26:32.594222+00:00,roofing,roofsquad.com,"Rebuilt from first successful public-web discovery pass for Pasadena, Texas; refreshed directly from official site where reachable.",enriched,support@roofsquad.com,(713) 489-8064,0,public_business_site,https://roofsquad.com/,TX,https://www.roofsquad.com/,pass,,100,true,true,valid_business_site
#1 Trusted,roofing contractor,McAllen,https://marvaroofing.com/contact/,mcallen-tx,true,true,true,ready_for_validation,2026-03-26T22:26:32.594226+00:00,roofing,marvaroofing.com,"Rebuilt from first successful public-web discovery pass for McAllen, Texas; refreshed directly from official site where reachable.",enriched,info@marvaroofing.com,(956) 217-9989,0,public_business_site,https://marvaroofing.com/,TX,https://marvaroofing.com/,pass,,100,true,true,valid_business_site
Frontline Home Solutions,roofing contractor,McAllen,https://www.yourfrontline.com/contact/,mcallen-tx,true,true,true,ready_for_validation,2026-03-26T22:26:32.594228+00:00,roofing,yourfrontline.com,"Rebuilt from first successful public-web discovery pass for McAllen, Texas; refreshed directly from official site where reachable.",enriched,info@yourfrontline.com,(956) 261-5712,0,public_business_site,https://yourfrontline.com/,TX,https://www.yourfrontline.com/,pass,,100,true,true,valid_business_site
metal roofing,roofing contractor,McAllen,https://avroofingco.com/contact-us/,mcallen-tx,true,true,true,ready_for_validation,2026-03-26T22:26:32.594231+00:00,roofing,avroofingco.com,"Rebuilt from first successful public-web discovery pass for McAllen, Texas; refreshed directly from official site where reachable.",enriched,a-vroofing@hotmail.com,(956) 687-3730,0,public_business_site,https://avroofingco.com/,TX,https://avroofingco.com/,pass,,100,true,true,valid_business_site
McAllen Roofing Experts: Repairs & Replacements,roofing contractor,McAllen,https://www.roofing956.com/contact,mcallen-tx,true,true,true,ready_for_validation,2026-03-26T22:26:32.594233+00:00,roofing,roofing956.com,"Rebuilt from first successful public-web discovery pass for McAllen, Texas; refreshed directly from official site where reachable.",enriched,info@roofing956.com,(956) 467-7993,0,public_business_site,https://roofing956.com/,TX,https://www.roofing956.com/,pass,,100,true,true,valid_business_site
Commercial Roofing in Dallas &,roofing contractor,Mesquite,https://mesquiteroofingandconstruction.com/contact-us/,mesquite-tx,true,true,true,ready_for_validation,2026-03-26T22:26:32.594234+00:00,roofing,mesquiteroofingandconstruction.com,"Rebuilt from first successful public-web discovery pass for Mesquite, Texas; refreshed directly from official site where reachable.",enriched,mesquiteroofingandconstruction@gmail.com,(972) 681-3183,0,public_business_site,https://mesquiteroofingandconstruction.com/,TX,https://mesquiteroofingandconstruction.com/,pass,,100,true,true,valid_business_site
Roofing Contractor in Rockwall & Rowlett TX,roofing contractor,Mesquite,https://baconroofing.com/contact-us/,mesquite-tx,true,true,true,ready_for_validation,2026-03-26T22:26:32.594235+00:00,roofing,baconroofing.com,"Rebuilt from first successful public-web discovery pass for Mesquite, Texas; refreshed directly from official site where reachable.",enriched,info@baconroofingstaging.com,(972) 772-1999,0,public_business_site,https://baconroofing.com/,TX,https://baconroofing.com/,pass,,100,true,true,valid_business_site
Your Trusted,roofing contractor,Mesquite,https://roofsbyshiloh.com/contact-us/,mesquite-tx,true,true,true,ready_for_validation,2026-03-26T22:26:32.594237+00:00,roofing,roofsbyshiloh.com,"Rebuilt from first successful public-web discovery pass for Mesquite, Texas; refreshed directly from official site where reachable.",enriched,info@roofsbyshiloh.com,(972) 789-5153,0,public_business_site,https://roofsbyshiloh.com/,TX,https://roofsbyshiloh.com/,pass,,100,true,true,valid_business_site
HOME,roofing contractor,Killeen,https://www.pioneerutdroofing.com/contact,killeen-tx,true,true,true,ready_for_validation,2026-03-26T22:26:32.594238+00:00,roofing,pioneerutdroofing.com,"Rebuilt from first successful public-web discovery pass for Killeen, Texas; refreshed directly from official site where reachable.",enriched,pioneerunitedroofing@gmail.com,(254) 458-4225,0,public_business_site,https://pioneerutdroofing.com/,TX,https://www.pioneerutdroofing.com/,pass,,100,true,true,valid_business_site
Lange Roofing,roofing contractor,Killeen,https://langeroofingllc.com/contact/,killeen-tx,true,true,true,ready_for_validation,2026-03-26T22:26:32.594241+00:00,roofing,langeroofingllc.com,"Rebuilt from first successful public-web discovery pass for Killeen, Texas; refreshed directly from official site where reachable.",enriched,langeroofingllc@gmail.com,(254) 554-7665,0,public_business_site,https://langeroofingllc.com/,TX,https://langeroofingllc.com/,pass,,100,true,true,valid_business_site
Roofing Company Central Texas,roofing contractor,Killeen,https://www.fsrtexas.com/contact/,killeen-tx,true,true,true,ready_for_validation,2026-03-26T22:26:32.594245+00:00,roofing,fsrtexas.com,"Rebuilt from first successful public-web discovery pass for Killeen, Texas; refreshed directly from official site where reachable.",enriched,office@fsrtexas.com,(254) 332-1311,0,public_business_site,https://fsrtexas.com/,TX,https://www.fsrtexas.com/,pass,,100,true,true,valid_business_site
Quality Roofing by Tex Martinez Roofing for Your Home,roofing contractor,Killeen,https://texmartinezroofing.com/contact/,killeen-tx,true,true,true,ready_for_validation,2026-03-26T22:26:32.594247+00:00,roofing,texmartinezroofing.com,"Rebuilt from first successful public-web discovery pass for Killeen, Texas; refreshed directly from official site where reachable.",enriched,perla@texmartinezroofing.com,(254) 312-1480,0,public_business_site,https://texmartinezroofing.com/,TX,https://texmartinezroofing.com/,pass,,100,true,true,valid_business_site
Apex Fencing &,roofing contractor,Killeen,https://apexfencingandroofing.us/contact-us/,killeen-tx,true,true,true,ready_for_validation,2026-03-26T22:26:32.594249+00:00,roofing,apexfencingandroofing.us,"Rebuilt from first successful public-web discovery pass for Killeen, Texas; refreshed directly from official site where reachable.",enriched,jeff@apexfencingandroofing.us,(254) 239-0434,0,public_business_site,https://apexfencingandroofing.us/,TX,https://www.apexfencingandroofing.us/,pass,,100,true,true,valid_business_site
Central Texas,roofing contractor,Killeen,http://roofstexas.com/contact-us/,killeen-tx,true,true,true,ready_for_validation,2026-03-26T22:26:32.594250+00:00,roofing,roofstexas.com,"Rebuilt from first successful public-web discovery pass for Killeen, Texas; refreshed directly from official site where reachable.",enriched,info@roofstexas.com,(254) 655-1024,0,public_business_site,https://roofstexas.com/,TX,https://roofstexas.com/,pass,,100,true,true,valid_business_site
Home,roofing contractor,Killeen,https://securedroofingllc.com/contact,killeen-tx,true,true,true,ready_for_validation,2026-03-26T22:26:32.594253+00:00,roofing,securedroofingllc.com,"Rebuilt from first successful public-web discovery pass for Killeen, Texas; refreshed directly from official site where reachable.",enriched,securedroofingngllc@gmail.com,(254) 300-8698,0,public_business_site,https://securedroofingllc.com/,TX,https://securedroofingllc.com/,pass,,100,true,true,valid_business_site
Top-Rated Roofing Services in,roofing contractor,Killeen,https://www.texaslocalroofing.info/contact-roofers-killeen-tx,killeen-tx,true,true,true,ready_for_validation,2026-03-26T22:26:32.594256+00:00,roofing,texaslocalroofing.info,"Rebuilt from first successful public-web discovery pass for Killeen, Texas; refreshed directly from official site where reachable.",enriched,texaslocalroofing@gmail.com,(254) 220-8478,0,public_business_site,https://texaslocalroofing.info/,TX,https://www.texaslocalroofing.info/,pass,,100,true,true,valid_business_site
Best,roofing contractor,Killeen,https://www.denaliroofingllc.net/contact,killeen-tx,true,true,true,ready_for_validation,2026-03-26T22:26:32.594257+00:00,roofing,denaliroofingllc.net,"Rebuilt from first successful public-web discovery pass for Killeen, Texas; refreshed directly from official site where reachable.",enriched,denaliroofingllc@gmail.com,(974) 999-9999,0,public_business_site,https://denaliroofingllc.net/,TX,https://www.denaliroofingllc.net/,pass,,100,true,true,valid_business_site
Proroofingwaco,roofing contractor,Waco,https://proroofingwaco.com/contact-us/,waco-tx,true,true,true,ready_for_validation,2026-03-26T22:26:32.594260+00:00,roofing,proroofingwaco.com,"Rebuilt from first successful public-web discovery pass for Waco, Texas; refreshed directly from official site where reachable.",enriched,contact@proroofingwaco.com,(254) 498-0906,0,public_business_site,https://proroofingwaco.com/,TX,https://proroofingwaco.com/,pass,,100,true,true,valid_business_site
Professional,roofing contractor,Waco,https://worthamconstructionroofing.com/#contact,waco-tx,true,true,true,ready_for_validation,2026-03-26T22:26:32.594261+00:00,roofing,worthamconstructionroofing.com,"Rebuilt from first successful public-web discovery pass for Waco, Texas; refreshed directly from official site where reachable.",enriched,wcr254roofing@gmail.com,(254) 242-9959,0,public_business_site,https://worthamconstructionroofing.com/,TX,https://worthamconstructionroofing.com/,pass,,100,true,true,valid_business_site
Roofing Company Ft Worth TX,roofing contractor,Waco,https://www.theroofcowaco.com/contact,waco-tx,true,true,true,ready_for_validation,2026-03-26T22:26:32.594263+00:00,roofing,theroofcowaco.com,"Rebuilt from first successful public-web discovery pass for Waco, Texas; refreshed directly from official site where reachable.",enriched,info@theroofcowaco.com,(254) 236-5764,0,public_business_site,https://theroofcowaco.com/,TX,https://www.theroofcowaco.com/,pass,,100,true,true,valid_business_site
Home,roofing contractor,Waco,https://www.jroof.com/contact-us/,waco-tx,true,true,true,ready_for_validation,2026-03-26T22:26:32.594266+00:00,roofing,jroof.com,"Rebuilt from first successful public-web discovery pass for Waco, Texas; refreshed directly from official site where reachable.",enriched,sales@jroof.com,(254) 662-5571,0,public_business_site,https://jroof.com/,TX,https://www.jroof.com/,pass,,100,true,true,valid_business_site
Roofing and Construction Services,roofing contractor,Carrollton,https://bluecannonconstruction.com/contact-us/,carrollton-tx,true,true,true,ready_for_validation,2026-03-26T22:26:32.594269+00:00,roofing,bluecannonconstruction.com,"Rebuilt from first successful public-web discovery pass for Carrollton, Texas; refreshed directly from official site where reachable.",enriched,jeffb@bluecannon.net,(972) 935-8461,0,public_business_site,https://bluecannonconstruction.com/,TX,https://bluecannonconstruction.com/,pass,,100,true,true,valid_business_site
Roofer,roofing contractor,Carrollton,https://www.therestoreteam.com/contact-us/,carrollton-tx,true,true,true,ready_for_validation,2026-03-26T22:26:32.594270+00:00,roofing,therestoreteam.com,"Rebuilt from first successful public-web discovery pass for Carrollton, Texas; refreshed directly from official site where reachable.",enriched,info@therestoreteam.com,(972) 538-1909,0,public_business_site,https://therestoreteam.com/,TX,https://www.therestoreteam.com/,pass,,100,true,true,valid_business_site
24/7 Emergency,roofing contractor,Carrollton,https://www.phoenixstormgroup.com/contact,carrollton-tx,true,true,true,ready_for_validation,2026-03-26T22:26:32.594274+00:00,roofing,phoenixstormgroup.com,"Rebuilt from first successful public-web discovery pass for Carrollton, Texas; refreshed directly from official site where reachable.",enriched,sales@phoenixstormgroup.com,(945) 308-0425,0,public_business_site,https://phoenixstormgroup.com/,TX,https://www.phoenixstormgroup.com/,pass,,100,true,true,valid_business_site
TIG Roofing,roofing contractor,Carrollton,https://www.tigroofing.com/roof-inspections,carrollton-tx,true,true,true,ready_for_validation,2026-03-26T22:26:32.594282+00:00,roofing,tigroofing.com,"Rebuilt from first successful public-web discovery pass for Carrollton, Texas; refreshed directly from official site where reachable.",enriched,info@tigroofing.com,(706) 389-9637,0,public_business_site,https://tigroofing.com/,TX,https://www.tigroofing.com/,pass,,100,true,true,valid_business_site
Top-Rated,roofing contractor,Carrollton,https://uprightroofinggc.com/#contact,carrollton-tx,true,true,true,ready_for_validation,2026-03-26T22:26:32.594283+00:00,roofing,uprightroofinggc.com,"Rebuilt from first successful public-web discovery pass for Carrollton, Texas; refreshed directly from official site where reachable.",enriched,info@uprightroofinggc.com,(817) 663-0982,0,public_business_site,https://uprightroofinggc.com/,TX,https://uprightroofinggc.com/,pass,,100,true,true,valid_business_site
Residential Roofing,roofing contractor,Denton,https://jbnroofingoftexas.com/contact/,denton-tx,true,true,true,ready_for_validation,2026-03-26T22:26:32.594291+00:00,roofing,jbnroofingoftexas.com,"Rebuilt from first successful public-web discovery pass for Denton, Texas; refreshed directly from official site where reachable.",enriched,sales@jbnroofingoftexas.com,(469) 340-0838,0,public_business_site,https://jbnroofingoftexas.com/,TX,https://jbnroofingoftexas.com/,pass,,100,true,true,valid_business_site
Roofing Company,roofing contractor,Denton,https://jbnroofingpros.com/contact-jbn-roofing-pros/,denton-tx,true,true,true,ready_for_validation,2026-03-26T22:26:32.594293+00:00,roofing,jbnroofingpros.com,"Rebuilt from first successful public-web discovery pass for Denton, Texas; refreshed directly from official site where reachable.",enriched,sales@jbnroofingpros.com,(469) 340-0838,0,public_business_site,https://jbnroofingpros.com/,TX,https://jbnroofingpros.com/,pass,,100,true,true,valid_business_site
Roofing Services,roofing contractor,Denton,https://www.roofingreformation.com/contact,denton-tx,true,true,true,ready_for_validation,2026-03-26T22:26:32.594297+00:00,roofing,roofingreformation.com,"Rebuilt from first successful public-web discovery pass for Denton, Texas; refreshed directly from official site where reachable.",enriched,18d2f96d279149989b95faf0a4b41882@sentry-next.wixpress.com,(469) 321-5201,0,public_business_site,https://roofingreformation.com/,TX,https://www.roofingreformation.com/,pass,,100,true,true,valid_business_site
"Roofing Contractor in Odessa, TX",roofing contractor,Midland,https://permianroofing.net/contact-us/,midland-tx,true,true,true,ready_for_validation,2026-03-26T22:26:32.594300+00:00,roofing,permianroofing.net,"Rebuilt from first successful public-web discovery pass for Midland, Texas; refreshed directly from official site where reachable.",enriched,permianroofing@gmail.com,(432) 237-3127,0,public_business_site,https://permianroofing.net/,TX,https://permianroofing.net/,pass,,100,true,true,valid_business_site
Home,roofing contractor,Abilene,https://barroofing.com/contact-us/,abilene-tx,true,true,true,ready_for_validation,2026-03-26T22:26:32.594307+00:00,roofing,barroofing.com,"Rebuilt from first successful public-web discovery pass for Abilene, Texas; refreshed directly from official site where reachable.",enriched,info@barroofing.com,(325) 672-8417,0,public_business_site,https://barroofing.com/,TX,https://barroofing.com/,pass,,100,true,true,valid_business_site
Roofing Contractor,roofing contractor,Abilene,https://www.haleroofingconstruction.com/#contact,abilene-tx,true,true,true,ready_for_validation,2026-03-26T22:26:32.594310+00:00,roofing,haleroofingconstruction.com,"Rebuilt from first successful public-web discovery pass for Abilene, Texas; refreshed directly from official site where reachable.",enriched,tylerhale1107@gmail.com,(325) 668-3655,0,public_business_site,https://haleroofingconstruction.com/,TX,https://www.haleroofingconstruction.com/,pass,,100,true,true,valid_business_site
Home,roofing contractor,Abilene,https://www.clearforkroofingcompany.com/contact,abilene-tx,true,true,true,ready_for_validation,2026-03-26T22:26:32.594312+00:00,roofing,clearforkroofingcompany.com,"Rebuilt from first successful public-web discovery pass for Abilene, Texas; refreshed directly from official site where reachable.",enriched,clearforkroofingcompanyllc@gmail.com,(325) 672-5609,0,public_business_site,https://clearforkroofingcompany.com/,TX,https://www.clearforkroofingcompany.com/,pass,,100,true,true,valid_business_site
Roofing Company in,roofing contractor,Abilene,https://www.buntonroofing.com/contact-us,abilene-tx,true,true,true,ready_for_validation,2026-03-26T22:26:32.594313+00:00,roofing,buntonroofing.com,"Rebuilt from first successful public-web discovery pass for Abilene, Texas; refreshed directly from official site where reachable.",enriched,john@buntonroofing.com,(171) 261-6877,0,public_business_site,https://buntonroofing.com/,TX,https://www.buntonroofing.com/,pass,,100,true,true,valid_business_site
Roofing Contractors in,roofing contractor,Abilene,https://sittonroof.com/contact-us,abilene-tx,true,true,true,ready_for_validation,2026-03-26T22:26:32.594314+00:00,roofing,sittonroof.com,"Rebuilt from first successful public-web discovery pass for Abilene, Texas; refreshed directly from official site where reachable.",enriched,sittonroofing.co@gmail.com,(325) 677-5416,0,public_business_site,https://sittonroof.com/,TX,https://sittonroof.com/,pass,,100,true,true,valid_business_site
Residential &,roofing contractor,Abilene,https://laynetechroofing.com/contact/,abilene-tx,true,true,true,ready_for_validation,2026-03-26T22:26:32.594318+00:00,roofing,laynetechroofing.com,"Rebuilt from first successful public-web discovery pass for Abilene, Texas; refreshed directly from official site where reachable.",enriched,laynetech@gmail.com,(325) 690-4101,0,public_business_site,https://laynetechroofing.com/,TX,https://laynetechroofing.com/,pass,,100,true,true,valid_business_site
Pro Roofing Concepts,roofing contractor,Beaumont,https://proroofingconcepts.com/contact-01/,beaumont-tx,true,true,true,ready_for_validation,2026-03-26T22:26:32.594326+00:00,roofing,proroofingconcepts.com,"Rebuilt from first successful public-web discovery pass for Beaumont, Texas; refreshed directly from official site where reachable.",enriched,chris@proroofingconcepts.com,(409) 212-9330,0,public_business_site,https://proroofingconcepts.com/,TX,https://proroofingconcepts.com/,pass,,100,true,true,valid_business_site
Best Roofing Service in Texas,roofing contractor,Beaumont,https://roofingondemand.com/contact/,beaumont-tx,true,true,true,ready_for_validation,2026-03-26T22:26:32.594341+00:00,roofing,roofingondemand.com,"Rebuilt from first successful public-web discovery pass for Beaumont, Texas; refreshed directly from official site where reachable.",enriched,info@roofingondemand.com,(409) 965-5555,0,public_business_site,https://roofingondemand.com/,TX,https://roofingondemand.com/,pass,,100,true,true,valid_business_site
American Roofing & Construction Services,roofing contractor,Beaumont,https://www.american-construction.org/contact,beaumont-tx,true,true,true,ready_for_validation,2026-03-26T22:26:32.594342+00:00,roofing,american-construction.org,"Rebuilt from first successful public-web discovery pass for Beaumont, Texas; refreshed directly from official site where reachable.",enriched,contact@american-construction.org,(409) 489-6654,0,public_business_site,https://american-construction.org/,TX,https://www.american-construction.org/,pass,,100,true,true,valid_business_site
Ryan,roofing contractor,Odessa,https://ryanroofs.com/contact-us/,odessa-tx,true,true,true,ready_for_validation,2026-03-26T22:26:32.594356+00:00,roofing,ryanroofs.com,"Rebuilt from first successful public-web discovery pass for Odessa, Texas; refreshed directly from official site where reachable.",enriched,sales@ryanroofs.com,(432) 556-6065,0,public_business_site,https://ryanroofs.com/,TX,https://ryanroofs.com/,pass,,100,true,true,valid_business_site
Roofing Services Across West Texas,roofing contractor,Odessa,https://wielerroofingandconstruction.com/contact-us,odessa-tx,true,true,true,ready_for_validation,2026-03-26T22:26:32.594357+00:00,roofing,wielerroofingandconstruction.com,"Rebuilt from first successful public-web discovery pass for Odessa, Texas; refreshed directly from official site where reachable.",enriched,jake@wielerroofingandconstruction.com,(806) 752-0866,0,public_business_site,https://wielerroofingandconstruction.com/,TX,https://wielerroofingandconstruction.com/,pass,,100,true,true,valid_business_site
Havard Roofing & Construction,roofing contractor,Round Rock,https://havardroofing.com/contact-us/,round-rock-tx,true,true,true,ready_for_validation,2026-03-26T22:26:32.594365+00:00,roofing,havardroofing.com,"Rebuilt from first successful public-web discovery pass for Round Rock, Texas; refreshed directly from official site where reachable.",enriched,havard.roofing@gmail.com,(254) 389-0011,0,public_business_site,https://havardroofing.com/,TX,https://havardroofing.com/,pass,,100,true,true,valid_business_site
Georgetown Roofing Companies,roofing contractor,Round Rock,https://sixthgenroofing.com/hutto-roof-insurance-inspection/,round-rock-tx,true,true,true,ready_for_validation,2026-03-26T22:26:32.594371+00:00,roofing,sixthgenroofing.com,"Rebuilt from first successful public-web discovery pass for Round Rock, Texas; refreshed directly from official site where reachable.",enriched,hello@sixthgenroofing.com,(512) 645-2416,0,public_business_site,https://sixthgenroofing.com/,TX,https://sixthgenroofing.com/,pass,,100,true,true,valid_business_site
